"","Built","n","prop"
"1","3.3.0",123,0.534782608695652
"2","3.3.1",44,0.191304347826087
"3","3.3.2",63,0.273913043478261
